{"cameraMode":{"drawMode":0,"name":"Shaded","section":"Shading Mode"},"sceneLighting":true,"audioPlay":false,"sceneViewState":{"showFog":true,"showMaterialUpdate":false,"showSkybox":true,"showFlares":true,"showImageEffects":true,"showParticleSystems":true},"in2DMode":false,"pivot":{"x":-1.0908584594726563,"y":-4.38690185546875,"z":10.61098575592041},"rotation":{"x":-0.30293533205986025,"y":0.014863112010061741,"z":-0.004725545644760132,"w":-0.9528834819793701},"size":22.0,"orthographic":false}