{"cameraMode":{"drawMode":0,"name":"Shaded","section":"Shading Mode"},"sceneLighting":true,"audioPlay":false,"sceneViewState":{"showFog":true,"showMaterialUpdate":false,"showSkybox":true,"showFlares":true,"showImageEffects":true,"showParticleSystems":true},"in2DMode":false,"pivot":{"x":-40.70008087158203,"y":-12.192617416381836,"z":85.50992584228516},"rotation":{"x":-0.1337568163871765,"y":0.31011953949928286,"z":-0.04411642253398895,"w":-0.9402068257331848},"size":130.13816833496095,"orthographic":false}