{"cameraMode":{"drawMode":0,"name":"Shaded","section":"Shading Mode"},"sceneLighting":false,"audioPlay":false,"sceneViewState":{"showFog":true,"showMaterialUpdate":false,"showSkybox":true,"showFlares":true,"showImageEffects":true,"showParticleSystems":true},"in2DMode":false,"pivot":{"x":-4.699999809265137,"y":22.899999618530275,"z":0.19999998807907105},"rotation":{"x":-0.19994838535785676,"y":-0.006763206794857979,"z":0.0013801560271531344,"w":-0.9797821640968323},"size":2.857883930206299,"orthographic":false}