{"cameraMode":{"drawMode":0,"name":"Shaded","section":"Shading Mode"},"sceneLighting":false,"audioPlay":false,"sceneViewState":{"showFog":true,"showMaterialUpdate":false,"showSkybox":false,"showFlares":true,"showImageEffects":true,"showParticleSystems":true},"in2DMode":false,"pivot":{"x":0.0,"y":2.8031585216522219,"z":0.05995607376098633},"rotation":{"x":0.013809608295559883,"y":-0.006596022751182318,"z":0.00009107388177653775,"w":0.9998829364776611},"size":3.463528633117676,"orthographic":false}