{"cameraMode":{"drawMode":0,"name":"Shaded","section":"Shading Mode"},"sceneLighting":false,"audioPlay":false,"sceneViewState":{"showFog":true,"showMaterialUpdate":false,"showSkybox":false,"showFlares":true,"showImageEffects":true,"showParticleSystems":true},"in2DMode":false,"pivot":{"x":0.06000000238418579,"y":0.1499999761581421,"z":6.150000095367432},"rotation":{"x":0.31640589237213137,"y":-0.088615782558918,"z":0.029700513929128648,"w":0.9440087676048279},"size":4.286825656890869,"orthographic":false}