{"cameraMode":{"drawMode":0,"name":"Shaded","section":"Shading Mode"},"sceneLighting":true,"audioPlay":false,"sceneViewState":{"showFog":true,"showMaterialUpdate":false,"showSkybox":true,"showFlares":true,"showImageEffects":true,"showParticleSystems":true},"in2DMode":false,"pivot":{"x":411.9517517089844,"y":10.09439468383789,"z":615.4877319335938},"rotation":{"x":0.07005203515291214,"y":-0.9259021878242493,"z":0.2136818766593933,"w":0.3035425543785095},"size":80.94871520996094,"orthographic":true}