{"cameraMode":{"drawMode":0,"name":"Shaded","section":"Shading Mode"},"sceneLighting":true,"audioPlay":false,"sceneViewState":{"showFog":true,"showMaterialUpdate":false,"showSkybox":true,"showFlares":true,"showImageEffects":true,"showParticleSystems":true},"in2DMode":false,"pivot":{"x":26.55908966064453,"y":296.4392395019531,"z":24.1534366607666},"rotation":{"x":-0.2248162180185318,"y":-0.021341199055314065,"z":0.004925151821225882,"w":-0.974155068397522},"size":1044.044189453125,"orthographic":true}