{"cameraMode":{"drawMode":0,"name":"Shaded","section":"Shading Mode"},"sceneLighting":true,"audioPlay":false,"sceneViewState":{"showFog":true,"showMaterialUpdate":false,"showSkybox":true,"showFlares":true,"showImageEffects":true,"showParticleSystems":true},"in2DMode":false,"pivot":{"x":352.29644775390627,"y":186.61961364746095,"z":212.79673767089845},"rotation":{"x":-0.14137430489063264,"y":0.025826670229434968,"z":-0.0036896963138133289,"w":-0.989612340927124},"size":564.3223266601563,"orthographic":true}