{"cameraMode":{"drawMode":0,"name":"Shaded","section":"Shading Mode"},"sceneLighting":false,"audioPlay":false,"sceneViewState":{"showFog":true,"showMaterialUpdate":false,"showSkybox":false,"showFlares":true,"showImageEffects":true,"showParticleSystems":true},"in2DMode":false,"pivot":{"x":746.8539428710938,"y":15.405549049377442,"z":49.967594146728519},"rotation":{"x":0.04128570854663849,"y":0.9584928154945374,"z":-0.18871384859085084,"w":0.20970024168491364},"size":139.9586639404297,"orthographic":false}