{"cameraMode":{"drawMode":0,"name":"Shaded","section":"Shading Mode"},"sceneLighting":false,"audioPlay":false,"sceneViewState":{"showFog":true,"showMaterialUpdate":false,"showSkybox":false,"showFlares":true,"showImageEffects":true,"showParticleSystems":true},"in2DMode":false,"pivot":{"x":-0.5236974358558655,"y":1.3136744499206544,"z":0.02973461151123047},"rotation":{"x":0.06308190524578095,"y":-0.07627779245376587,"z":0.004835593979805708,"w":0.99507737159729},"size":4.95179557800293,"orthographic":false}