{"cameraMode":{"drawMode":0,"name":"Shaded","section":"Shading Mode"},"sceneLighting":false,"audioPlay":false,"sceneViewState":{"showFog":true,"showMaterialUpdate":false,"showSkybox":false,"showFlares":true,"showImageEffects":true,"showParticleSystems":true},"in2DMode":false,"pivot":{"x":0.4080784320831299,"y":-3.4454195499420168,"z":36.497039794921878},"rotation":{"x":-0.16707271337509156,"y":-0.19584549963474275,"z":0.033882640302181247,"w":-0.9657034873962402},"size":146.73426818847657,"orthographic":false}