{"cameraMode":{"drawMode":0,"name":"Shaded","section":"Shading Mode"},"sceneLighting":true,"audioPlay":false,"sceneViewState":{"showFog":true,"showMaterialUpdate":false,"showSkybox":true,"showFlares":true,"showImageEffects":true,"showParticleSystems":true},"in2DMode":false,"pivot":{"x":325.1744689941406,"y":-113.8834228515625,"z":261.1111755371094},"rotation":{"x":-0.2956599295139313,"y":0.6694596409797669,"z":-0.3328494727611542,"w":-0.5946599245071411},"size":748.15087890625,"orthographic":true}