{"cameraMode":{"drawMode":0,"name":"Shaded","section":"Shading Mode"},"sceneLighting":true,"audioPlay":false,"sceneViewState":{"showFog":true,"showMaterialUpdate":false,"showSkybox":true,"showFlares":true,"showImageEffects":true,"showParticleSystems":true},"in2DMode":false,"pivot":{"x":432.79998779296877,"y":58.150001525878909,"z":730.7000122070313},"rotation":{"x":-0.038664381951093677,"y":-0.9596443176269531,"z":0.16571693122386933,"w":-0.22388771176338197},"size":188.72021484375,"orthographic":true}