{"cameraMode":{"drawMode":0,"name":"Shaded","section":"Shading Mode"},"sceneLighting":false,"audioPlay":false,"sceneViewState":{"showFog":true,"showMaterialUpdate":true,"showSkybox":false,"showFlares":true,"showImageEffects":true,"showParticleSystems":true},"in2DMode":false,"pivot":{"x":760.5296020507813,"y":13.274019241333008,"z":44.116878509521487},"rotation":{"x":-0.007909723557531834,"y":0.7012977600097656,"z":0.007780907209962606,"w":0.7127821445465088},"size":45.85867691040039,"orthographic":false}