{"cameraMode":{"drawMode":0,"name":"Shaded","section":"Shading Mode"},"sceneLighting":false,"audioPlay":false,"sceneViewState":{"showFog":true,"showMaterialUpdate":true,"showSkybox":false,"showFlares":true,"showImageEffects":true,"showParticleSystems":true},"in2DMode":false,"pivot":{"x":-0.0439339280128479,"y":8.387006759643555,"z":-0.06810545921325684},"rotation":{"x":-0.08854138106107712,"y":-0.4312339425086975,"z":0.042573198676109317,"w":-0.8968753218650818},"size":32.24713897705078,"orthographic":false}