{"cameraMode":{"drawMode":0,"name":"Shaded","section":"Shading Mode"},"sceneLighting":false,"audioPlay":false,"sceneViewState":{"showFog":true,"showMaterialUpdate":true,"showSkybox":false,"showFlares":true,"showImageEffects":true,"showParticleSystems":true},"in2DMode":false,"pivot":{"x":16.141429901123048,"y":33.92474365234375,"z":0.10431671142578125},"rotation":{"x":-0.20262135565280915,"y":-0.656933605670929,"z":0.18989983201026917,"w":-0.700942873954773},"size":344.9232482910156,"orthographic":false}