{"cameraMode":{"drawMode":0,"name":"Shaded","section":"Shading Mode"},"sceneLighting":false,"audioPlay":false,"sceneViewState":{"showFog":true,"showMaterialUpdate":true,"showSkybox":false,"showFlares":true,"showImageEffects":true,"showParticleSystems":true},"in2DMode":false,"pivot":{"x":-0.07036566734313965,"y":7.3712921142578129,"z":-0.30755770206451418},"rotation":{"x":0.10718750208616257,"y":-0.011342871002852917,"z":0.001222011516802013,"w":0.9941734075546265},"size":24.617801666259767,"orthographic":false}