{"cameraMode":{"drawMode":0,"name":"Shaded","section":"Shading Mode"},"sceneLighting":false,"audioPlay":false,"sceneViewState":{"showFog":true,"showMaterialUpdate":true,"showSkybox":false,"showFlares":true,"showImageEffects":true,"showParticleSystems":true},"in2DMode":false,"pivot":{"x":742.45263671875,"y":5.666997909545898,"z":53.12249755859375},"rotation":{"x":0.0038830332923680546,"y":-0.5053527355194092,"z":0.002274083672091365,"w":0.8629011511802673},"size":18.640230178833009,"orthographic":false}