{"cameraMode":{"drawMode":0,"name":"Shaded","section":"Shading Mode"},"sceneLighting":true,"audioPlay":false,"sceneViewState":{"showFog":true,"showMaterialUpdate":true,"showSkybox":true,"showFlares":true,"showImageEffects":true,"showParticleSystems":true},"in2DMode":false,"pivot":{"x":293.9549255371094,"y":33.92917251586914,"z":285.63714599609377},"rotation":{"x":0.011979376897215844,"y":0.9753536581993103,"z":-0.21340113878250123,"w":0.054787419736385348},"size":877.2398681640625,"orthographic":true}